abundance,growth_rate,reactions,metabolites,taxon,tradeoff,sample_id
0.22999203861704354,0.4358921405187893,1390,1216,s__Akkermansia_muciniphila,0.5,S_SRR5936081
0.01755276801154487,0.03326719539945476,1253,1149,s__Alistipes_finegoldii,0.5,S_SRR5936081
0.059434043671394335,0.11264332214174987,1321,1174,s__Alistipes_onderdonkii,0.5,S_SRR5936081
0.02389184573996631,0.045281558368592684,2897,2558,s__Bacteroides_caccae,0.5,S_SRR5936081
0.024881164651459668,0.047156633241628436,3065,2683,s__Bacteroides_fragilis,0.5,S_SRR5936081
0.0216302666109312,0.04099526176656639,2810,2264,s__Bacteroides_intestinalis,0.5,S_SRR5936081
0.017139413528800603,0.03248231107035482,3606,3066,s__Bacteroides_ovatus,0.5,S_SRR5936081
0.028175858970778768,0.053400609261760344,1887,1781,s__Bacteroides_salyersiae,0.5,S_SRR5936081
0.024885067290163782,0.04709958219086687,3073,2674,s__Bacteroides_thetaiotaomicron,0.5,S_SRR5936081
0.19152719792275544,0.362996544332579,3440,2972,s__Bacteroides_uniformis,0.5,S_SRR5936081
0.0510597398587765,0.09677222243562403,3448,2923,s__Bacteroides_xylanisolvens,0.5,S_SRR5936081
0.012735177344575242,0.024136817091698393,2941,2606,s__Parabacteroides_distasonis,0.5,S_SRR5936081
0.04413580835789104,0.08364776357399546,3277,2792,s__Parabacteroides_merdae,0.5,S_SRR5936081
0.25295960942391843,0.47941049294484506,2918,2615,s__Phocaeicola_vulgatus,0.5,S_SRR5936081
0.22043345917846568,0.44968416772299563,1390,1216,s__Akkermansia_muciniphila,0.5,S_SRR5936081_probiotic
0.016823266553954646,0.03431945635245582,1253,1149,s__Alistipes_finegoldii,0.5,S_SRR5936081_probiotic
0.05696393630939616,0.11620648847790192,1321,1174,s__Alistipes_onderdonkii,0.5,S_SRR5936081_probiotic
0.02289888917150015,0.04669206409160475,2897,2558,s__Bacteroides_caccae,0.5,S_SRR5936081_probiotic
0.023847091514513752,0.048647997460823954,3065,2683,s__Bacteroides_fragilis,0.5,S_SRR5936081_probiotic
0.02073130235581423,0.0422918769477895,2810,2264,s__Bacteroides_intestinalis,0.5,S_SRR5936081_probiotic
0.016427091281775066,0.033511254198308096,3606,3066,s__Bacteroides_ovatus,0.5,S_SRR5936081_probiotic
0.02700485675765087,0.05508993039658555,1887,1781,s__Bacteroides_salyersiae,0.5,S_SRR5936081_probiotic
0.023850831957681458,0.048638685661008596,3073,2674,s__Bacteroides_thetaiotaomicron,0.5,S_SRR5936081_probiotic
0.1835672357127539,0.37447707397485447,3440,2972,s__Bacteroides_uniformis,0.5,S_SRR5936081_probiotic
0.04893767257989171,0.09983293068897288,3448,2923,s__Bacteroides_xylanisolvens,0.5,S_SRR5936081_probiotic
0.041560479641183444,0.08478342033346765,1412,1318,s__Bifidobacterium_animalis,0.5,S_SRR5936081_probiotic
0.012205897265819166,0.024900038093437583,2941,2606,s__Parabacteroides_distasonis,0.5,S_SRR5936081_probiotic
0.04230150299318575,0.08629503834435114,3277,2792,s__Parabacteroides_merdae,0.5,S_SRR5936081_probiotic
0.242446486726414,0.4945910872968133,2918,2615,s__Phocaeicola_vulgatus,0.5,S_SRR5936081_probiotic
