abundance,growth_rate,reactions,metabolites,taxon,tradeoff,sample_id
0.22999203861704354,0.4358806685302134,1390,1216,s__Akkermansia_muciniphila,0.5,S_SRR5936081
0.01755276801154487,0.03369356047076719,1253,1149,s__Alistipes_finegoldii,0.5,S_SRR5936081
0.059434043671394335,0.11263933675885181,1321,1174,s__Alistipes_onderdonkii,0.5,S_SRR5936081
0.02389184573996631,0.0452798007990517,2897,2558,s__Bacteroides_caccae,0.5,S_SRR5936081
0.024881164651459668,0.04715475695851585,3065,2683,s__Bacteroides_fragilis,0.5,S_SRR5936081
0.0216302666109312,0.040993658424538275,2810,2264,s__Bacteroides_intestinalis,0.5,S_SRR5936081
0.017139413528800603,0.03248259840784512,3606,3066,s__Bacteroides_ovatus,0.5,S_SRR5936081
0.028175858970778768,0.053398858147621964,1887,1781,s__Bacteroides_salyersiae,0.5,S_SRR5936081
0.024885067290163782,0.04716215323087616,3073,2674,s__Bacteroides_thetaiotaomicron,0.5,S_SRR5936081
0.19152719792275544,0.3629821430994694,3440,2972,s__Bacteroides_uniformis,0.5,S_SRR5936081
0.0510597398587765,0.09676836502340402,3448,2923,s__Bacteroides_xylanisolvens,0.5,S_SRR5936081
0.012735177344575242,0.02413569464596249,2941,2606,s__Parabacteroides_distasonis,0.5,S_SRR5936081
0.04413580835789104,0.08364613735845236,3277,2792,s__Parabacteroides_merdae,0.5,S_SRR5936081
0.25295960942391843,0.4794087844540362,2918,2615,s__Phocaeicola_vulgatus,0.5,S_SRR5936081
0.22043345917846568,0.4496740370182696,1390,1216,s__Akkermansia_muciniphila,0.5,S_SRR5936081_probiotic
0.016823266553954646,0.03469577772334203,1253,1149,s__Alistipes_finegoldii,0.5,S_SRR5936081_probiotic
0.05696393630939616,0.11620378911951758,1321,1174,s__Alistipes_onderdonkii,0.5,S_SRR5936081_probiotic
0.02289888917150015,0.0467126722752298,2897,2558,s__Bacteroides_caccae,0.5,S_SRR5936081_probiotic
0.023847091514513752,0.048646961095097474,3065,2683,s__Bacteroides_fragilis,0.5,S_SRR5936081_probiotic
0.02073130235581423,0.04229089567033165,2810,2264,s__Bacteroides_intestinalis,0.5,S_SRR5936081_probiotic
0.016427091281775066,0.03351050462487152,3606,3066,s__Bacteroides_ovatus,0.5,S_SRR5936081_probiotic
0.02700485675765087,0.05508865579124604,1887,1781,s__Bacteroides_salyersiae,0.5,S_SRR5936081_probiotic
0.023850831957681458,0.04865459142523695,3073,2674,s__Bacteroides_thetaiotaomicron,0.5,S_SRR5936081_probiotic
0.1835672357127539,0.3744686503348024,3440,2972,s__Bacteroides_uniformis,0.5,S_SRR5936081_probiotic
0.04893767257989171,0.09983058322191128,3448,2923,s__Bacteroides_xylanisolvens,0.5,S_SRR5936081_probiotic
0.041560479641183444,0.08478145164740752,1412,1318,s__Bifidobacterium_animalis,0.5,S_SRR5936081_probiotic
0.012205897265819166,0.02489946453488498,2941,2606,s__Parabacteroides_distasonis,0.5,S_SRR5936081_probiotic
0.04230150299318575,0.08629310493032397,3277,2792,s__Parabacteroides_merdae,0.5,S_SRR5936081_probiotic
0.242446486726414,0.4945795926496929,2918,2615,s__Phocaeicola_vulgatus,0.5,S_SRR5936081_probiotic
